{"cameraMode":{"drawMode":0,"name":"Shaded","section":"Shading Mode"},"sceneLighting":true,"audioPlay":false,"sceneViewState":{"m_AlwaysRefresh":false,"showFog":true,"showSkybox":true,"showFlares":true,"showImageEffects":true,"showParticleSystems":true,"showVisualEffectGraphs":true,"m_FxEnabled":true},"in2DMode":false,"pivot":{"x":332.1605529785156,"y":433.80377197265627,"z":-1.1884307861328126},"rotation":{"x":0.004499687813222408,"y":0.011999581009149552,"z":-0.00005399958536145277,"w":0.9999181628227234},"size":418.1539306640625,"orthographic":false}